numberOfSales,gasUsed,tokensSoldPerCall,attackerProfit
1,40553,7000,17.477275591640370648
2,111106,3500,17.471356987262172617
3,211659,2333,17.466406636219013808
4,252212,1750,17.465598335110294162
5,322765,1400,17.463532927279804678
6,423318,1166,17.456904798719578684
7,463871,1000,17.459933620018637488
8,534424,875,17.45827314755738697
9,634977,777,17.448771447159068561
10,675530,700,17.455096554067458611
11,776083,636,17.448787951895398337
12,846636,583,17.447267612072231689
13,917189,538,17.443679090492183944
14,957742,500,17.449039584659012002
15,1058295,466,17.436536377725262867
16,1128848,437,17.43715020453217389
17,1199401,411,17.430469172659995781
18,1269954,388,17.425878379668306005
19,1340507,368,17.432771822562661047
20,1381060,350,17.440258315891972495
21,1481613,333,17.430918233418082657
22,1552166,318,17.432602003925320568
23,1622719,304,17.426992029747798328
24,1693272,291,17.417206604752180523
25,1733825,280,17.433054480397970255
26,1834378,269,17.42476931062641116
27,1904931,259,17.422294536496224279
28,1943692,250,17.428793174454390896
29,2044181,241,17.415299806778660958
30,2114670,233,17.414916001933921865
31,2185159,225,17.397824584281571349
32,2255648,218,17.397445328219067886
33,2326137,212,17.41689655007292366
34,2396626,205,17.38832214827109216
35,2437115,200,17.418817693766936369