numberOfSales,gasUsed,tokensSoldPerCall,attackerProfit
1,105844,7000,17.475969771640370648
2,165144,3500,19.590380438599087356
3,254444,2333,20.457503444616751109
4,283744,1750,20.934123864167930399
5,343044,1400,21.233284410511272794
6,432344,1166,21.432829741235880458
7,461644,1000,21.588955434864216853
8,520944,875,21.703082916627783894
9,610244,777,21.78225012337403226
10,639544,700,21.865020543672398295
11,728844,636,21.918126521290971266
12,788144,583,21.967776597503831798
13,847444,538,22.00698752303499525
14,876744,500,22.05230230489062491
15,966044,466,22.068551771953232553
16,1025344,437,22.09874021893132042
17,1084644,411,22.11553294315054714
18,1143944,388,22.132467649897623237
19,1203244,368,22.163059239041252843
20,1232544,350,22.192285586408469408
21,1321844,333,22.196839230208084138
22,1381144,318,22.215048975328153409
23,1440444,304,22.221789403642565719
24,1499744,291,22.221552165711110173
25,1529044,280,22.255932246627566782
26,1618344,269,22.256152578797385414
27,1677644,259,22.263474421103173376
28,1706880,250,22.282378549575864266
29,1796180,241,22.273156372359177774
30,1855480,233,22.28150084640102151
31,1914780,225,22.265871680190454699
32,1974080,218,22.273233992905666883
33,2033380,212,22.308037946571918649
34,2092680,205,22.274962261805486882
35,2121980,200,22.324330162153830099